Species,AMW,ABA Code,Observations,First Seen,Last Seen,Years Since,Loc Code
Band-tailed Pigeon,6.0,1,24,2010-07-30 00:00:00,2019-07-26 00:00:00,1,2
Black Vulture,164.0,1,492,2007-06-07 00:00:00,2019-12-29 00:00:00,1,1
Turkey Vulture,447.3333333333333,1,1342,2007-03-15 00:00:00,2019-12-29 00:00:00,1,1
Double-toothed Kite,0.08333333333333333,5,1,2019-01-07 00:00:00,2019-01-07 00:00:00,1,6
Broad-winged Hawk,14.0,1,42,2008-04-12 00:00:00,2019-05-07 00:00:00,1,1
Masked Tityra,0.16666666666666666,5,2,2019-01-05 00:00:00,2019-01-07 00:00:00,1,6
Yellow-bellied Flycatcher,3.6666666666666665,1,11,2009-05-05 00:00:00,2019-01-08 00:00:00,1,1
Yellow-throated Vireo,14.333333333333334,1,43,2009-05-02 00:00:00,2019-09-15 00:00:00,1,1
Northern Rough-winged Swallow,66.0,1,198,2008-04-12 00:00:00,2019-06-27 00:00:00,1,1
Golden-winged Warbler,2.25,2,9,2013-05-07 00:00:00,2019-09-15 00:00:00,1,1
Black-and-white Warbler,37.0,1,111,2008-03-17 00:00:00,2019-09-28 00:00:00,1,1
Mourning Warbler,5.0,1,15,2008-05-15 00:00:00,2019-09-15 00:00:00,1,1
Chestnut-sided Warbler,10.0,1,30,2010-05-10 00:00:00,2019-09-28 00:00:00,1,1
Bananaquit,0.6363636363636364,4,7,2019-01-05 00:00:00,2019-01-08 00:00:00,1,6
Yellow-faced Grassquit,0.4,3,4,2019-01-07 00:00:00,2019-01-08 00:00:00,1,6
Blue-winged Teal,71.0,1,213,2008-03-15 00:00:00,2019-12-27 00:00:00,1,1
Northern Pintail,57.666666666666664,1,173,2007-06-08 00:00:00,2019-12-22 00:00:00,1,1
Redhead,31.0,1,93,2007-11-22 00:00:00,2019-11-22 00:00:00,1,1
Lesser Scaup,72.66666666666667,1,218,2007-11-22 00:00:00,2019-12-22 00:00:00,1,1
Pied-billed Grebe,107.0,1,321,2007-06-04 00:00:00,2019-12-22 00:00:00,1,1
American Coot,160.0,1,480,2007-06-09 00:00:00,2019-12-22 00:00:00,1,1
Sandhill Crane,24.0,1,72,2008-09-03 00:00:00,2019-12-14 00:00:00,1,1
Whooping Crane,1.0,2,5,2010-03-17 00:00:00,2019-02-08 00:00:00,1,2
Killdeer,288.3333333333333,1,865,2007-04-26 00:00:00,2019-12-27 00:00:00,1,1
Wilson's Snipe,23.666666666666668,1,71,2009-01-24 00:00:00,2019-05-31 00:00:00,1,1
Spotted Sandpiper,60.0,1,180,2008-03-15 00:00:00,2019-12-22 00:00:00,1,1
Greater Yellowlegs,64.66666666666667,1,194,2009-01-24 00:00:00,2019-12-29 00:00:00,1,1
Willet,26.666666666666668,1,80,2007-06-09 00:00:00,2019-05-19 00:00:00,1,1
Lesser Yellowlegs,38.0,1,114,2009-04-21 00:00:00,2019-07-15 00:00:00,1,1
Laughing Gull,60.666666666666664,1,182,2007-06-05 00:00:00,2019-12-29 00:00:00,1,1
Ring-billed Gull,224.33333333333334,1,673,2007-02-23 00:00:00,2019-12-22 00:00:00,1,1
Forster's Tern,67.0,1,201,2008-03-15 00:00:00,2019-12-22 00:00:00,1,1
Royal Tern,13.75,1,55,2008-04-12 00:00:00,2019-05-19 00:00:00,1,2
Black Skimmer,3.5,1,28,2009-05-02 00:00:00,2018-01-11 00:00:00,2,2
Anhinga,18.333333333333332,1,55,2007-06-07 00:00:00,2019-05-19 00:00:00,1,1
Double-crested Cormorant,228.33333333333334,1,685,2007-02-23 00:00:00,2019-12-22 00:00:00,1,1
American White Pelican,80.33333333333333,1,241,2008-03-14 00:00:00,2019-12-22 00:00:00,1,1
Brown Pelican,25.75,1,103,2007-06-05 00:00:00,2019-07-28 00:00:00,1,2
Great Blue Heron,307.0,1,921,2007-03-17 00:00:00,2019-12-27 00:00:00,1,1
Great Egret,229.33333333333334,1,688,2007-06-04 00:00:00,2019-12-29 00:00:00,1,1
Cattle Egret,91.66666666666667,1,275,2007-06-04 00:00:00,2019-06-30 00:00:00,1,1
Black-crowned Night-Heron,18.0,1,54,2007-06-07 00:00:00,2019-10-11 00:00:00,1,1
Roseate Spoonbill,14.0,1,56,2008-04-12 00:00:00,2019-12-29 00:00:00,1,2
Osprey,59.666666666666664,1,179,2008-03-16 00:00:00,2019-12-22 00:00:00,1,1
Downy Woodpecker,275.3333333333333,1,826,2007-02-23 00:00:00,2019-12-22 00:00:00,1,1
American Kestrel,208.0,1,624,2007-11-23 00:00:00,2019-12-29 00:00:00,1,1
Merlin,11.0,1,33,2009-01-24 00:00:00,2019-09-28 00:00:00,1,1
Eastern Phoebe,195.33333333333334,1,586,2007-03-15 00:00:00,2019-12-27 00:00:00,1,1
Blue-gray Gnatcatcher,188.33333333333334,1,565,2008-03-29 00:00:00,2019-12-21 00:00:00,1,1
Eastern Meadowlark,115.0,1,345,2007-11-21 00:00:00,2019-12-29 00:00:00,1,1
Great-tailed Grackle,344.0,1,1032,2007-04-12 00:00:00,2019-12-29 00:00:00,1,1
Yellow-rumped Warbler,233.66666666666666,1,701,2007-03-15 00:00:00,2019-12-22 00:00:00,1,1
Northern Cardinal,593.6666666666666,1,1781,2007-02-23 00:00:00,2019-12-22 00:00:00,1,1
Canada Goose,168.0,1,504,2007-11-28 00:00:00,2019-12-22 00:00:00,1,1
Wood Duck,40.333333333333336,1,121,2008-05-08 00:00:00,2019-12-21 00:00:00,1,1
Northern Shoveler,104.66666666666667,1,314,2007-11-22 00:00:00,2019-12-22 00:00:00,1,1
Gadwall,123.33333333333333,1,370,2007-11-23 00:00:00,2019-12-22 00:00:00,1,1
Mallard,300.3333333333333,1,901,2007-04-06 00:00:00,2019-12-22 00:00:00,1,1
Green-winged Teal,74.0,1,222,2009-01-24 00:00:00,2019-12-22 00:00:00,1,1
Ring-necked Duck,62.666666666666664,1,188,2008-11-15 00:00:00,2019-12-22 00:00:00,1,1
Rock Pigeon,699.3333333333334,1,1049,2008-02-13 00:00:00,2019-12-27 00:00:00,1,1
Eurasian Collared-Dove,324.0,1,486,2008-05-07 00:00:00,2019-12-22 00:00:00,1,1
Mourning Dove,660.6666666666666,1,1982,2007-04-04 00:00:00,2019-12-27 00:00:00,1,1
American Avocet,26.333333333333332,1,79,2008-04-12 00:00:00,2019-07-15 00:00:00,1,1
Least Sandpiper,80.66666666666667,1,242,2009-01-24 00:00:00,2019-07-15 00:00:00,1,1
Long-billed Dowitcher,20.0,1,60,2009-01-24 00:00:00,2019-05-25 00:00:00,1,1
Snowy Egret,102.33333333333333,1,307,2007-04-26 00:00:00,2019-12-29 00:00:00,1,1
Northern Harrier,63.0,1,189,2007-11-08 00:00:00,2019-12-27 00:00:00,1,1
Sharp-shinned Hawk,23.333333333333332,1,70,2009-01-07 00:00:00,2019-09-28 00:00:00,1,1
Red-tailed Hawk,324.3333333333333,1,973,2004-09-23 00:00:00,2019-12-29 00:00:00,1,1
Red-bellied Woodpecker,282.6666666666667,1,848,2007-02-23 00:00:00,2019-12-27 00:00:00,1,1
Northern Flicker,144.66666666666666,1,434,2007-10-27 00:00:00,2019-12-22 00:00:00,1,1
Carolina Chickadee,368.3333333333333,1,1105,2007-02-23 00:00:00,2019-12-27 00:00:00,1,1
Black-crested Titmouse,28.6,2,143,2007-03-15 00:00:00,2019-07-09 00:00:00,1,2
Golden-crowned Kinglet,58.666666666666664,1,176,2008-12-06 00:00:00,2019-12-22 00:00:00,1,1
Ruby-crowned Kinglet,185.33333333333334,1,556,2007-03-18 00:00:00,2019-12-22 00:00:00,1,1
Winter Wren,17.666666666666668,1,53,2008-11-01 00:00:00,2019-09-28 00:00:00,1,1
Carolina Wren,360.3333333333333,1,1081,2007-02-23 00:00:00,2019-12-27 00:00:00,1,1
Bewick's Wren,85.33333333333333,1,256,2007-03-17 00:00:00,2019-07-27 00:00:00,1,1
Brown Thrasher,49.666666666666664,1,149,2007-04-21 00:00:00,2019-12-22 00:00:00,1,1
Hermit Thrush,61.666666666666664,1,185,2008-03-14 00:00:00,2019-12-22 00:00:00,1,1
American Robin,307.0,1,921,2007-03-19 00:00:00,2019-12-27 00:00:00,1,1
American Goldfinch,148.66666666666666,1,446,2008-03-19 00:00:00,2019-12-22 00:00:00,1,1
Field Sparrow,75.66666666666667,1,227,2007-03-17 00:00:00,2019-12-22 00:00:00,1,1
Fox Sparrow,48.333333333333336,1,145,2008-12-13 00:00:00,2019-12-22 00:00:00,1,1
Dark-eyed Junco,204.33333333333334,1,613,2007-02-23 00:00:00,2019-12-22 00:00:00,1,1
White-crowned Sparrow,77.66666666666667,1,233,2007-03-17 00:00:00,2019-12-22 00:00:00,1,1
Harris's Sparrow,48.0,1,144,2009-01-24 00:00:00,2019-12-22 00:00:00,1,1
White-throated Sparrow,140.0,1,420,2007-03-17 00:00:00,2019-12-22 00:00:00,1,1
Savannah Sparrow,110.66666666666667,1,332,2008-04-05 00:00:00,2019-12-27 00:00:00,1,1
Song Sparrow,156.33333333333334,1,469,2008-01-26 00:00:00,2019-12-22 00:00:00,1,1
Lincoln's Sparrow,67.66666666666667,1,203,2007-03-17 00:00:00,2019-12-22 00:00:00,1,1
Swamp Sparrow,34.333333333333336,1,103,2008-01-26 00:00:00,2019-12-22 00:00:00,1,1
Spotted Towhee,66.66666666666667,1,200,2007-03-17 00:00:00,2019-12-22 00:00:00,1,1
Red-winged Blackbird,267.0,1,801,2007-03-17 00:00:00,2019-12-29 00:00:00,1,1
Brown-headed Cowbird,173.66666666666666,1,521,2007-03-17 00:00:00,2019-10-26 00:00:00,1,1
Orange-crowned Warbler,75.0,1,225,2007-02-23 00:00:00,2019-12-22 00:00:00,1,1
Common Yellowthroat,67.33333333333333,1,202,2008-04-12 00:00:00,2019-12-22 00:00:00,1,1
Crested Caracara,31.0,2,124,2009-03-14 00:00:00,2019-12-29 00:00:00,1,1
White-eyed Vireo,146.0,1,438,2008-03-16 00:00:00,2019-07-04 00:00:00,1,1
American Crow,474.6666666666667,1,1424,2007-02-23 00:00:00,2019-12-27 00:00:00,1,1
House Finch,442.6666666666667,1,664,2007-03-17 00:00:00,2019-12-22 00:00:00,1,1
Pine Warbler,31.0,1,93,2008-03-15 00:00:00,2019-12-22 00:00:00,1,1
Mottled Duck,11.75,1,47,2009-05-02 00:00:00,2019-05-19 00:00:00,1,2
Sora,12.333333333333334,1,37,2010-12-19 00:00:00,2019-06-16 00:00:00,1,1
Common Gallinule,14.0,1,56,2007-06-04 00:00:00,2019-05-19 00:00:00,1,2
White-faced Ibis,27.666666666666668,1,83,2008-04-12 00:00:00,2019-07-15 00:00:00,1,1
Red-shouldered Hawk,118.33333333333333,1,355,2007-06-07 00:00:00,2019-12-27 00:00:00,1,1
Great Horned Owl,29.666666666666668,1,89,2006-05-15 00:00:00,2019-12-27 00:00:00,1,1
Yellow-bellied Sapsucker,42.666666666666664,1,128,2007-11-23 00:00:00,2019-12-22 00:00:00,1,1
Pileated Woodpecker,38.333333333333336,1,115,2008-04-12 00:00:00,2019-10-20 00:00:00,1,1
Vermilion Flycatcher,11.75,1,47,2010-07-25 00:00:00,2019-07-16 00:00:00,1,2
Blue-headed Vireo,12.0,1,36,2009-04-21 00:00:00,2019-12-21 00:00:00,1,1
Tufted Titmouse,232.0,1,696,2007-04-21 00:00:00,2019-12-22 00:00:00,1,1
House Wren,64.66666666666667,1,194,2009-03-06 00:00:00,2019-12-22 00:00:00,1,1
Sedge Wren,6.666666666666667,1,20,2009-03-19 00:00:00,2019-12-27 00:00:00,1,1
Marsh Wren,19.333333333333332,1,58,2009-03-16 00:00:00,2019-12-22 00:00:00,1,1
European Starling,1043.3333333333333,1,1565,2008-01-26 00:00:00,2019-12-27 00:00:00,1,1
Northern Mockingbird,501.0,1,1503,2007-02-23 00:00:00,2019-12-22 00:00:00,1,1
Eastern Bluebird,232.0,1,696,2008-01-26 00:00:00,2019-12-27 00:00:00,1,1
American Pipit,58.333333333333336,1,175,2009-01-24 00:00:00,2019-11-04 00:00:00,1,1
Sprague's Pipit,0.5,2,5,2014-01-19 00:00:00,2018-01-11 00:00:00,2,2
Common Grackle,226.33333333333334,1,679,2007-04-04 00:00:00,2019-12-27 00:00:00,1,1
Common Goldeneye,23.666666666666668,1,71,2010-01-23 00:00:00,2019-12-16 00:00:00,1,1
Ruddy Duck,62.666666666666664,1,188,2007-11-22 00:00:00,2019-12-22 00:00:00,1,1
Least Grebe,3.4,2,17,2010-03-13 00:00:00,2019-01-06 00:00:00,1,2
Eared Grebe,11.666666666666666,1,35,2009-03-07 00:00:00,2019-05-04 00:00:00,1,1
American Bittern,0.8666666666666667,1,13,2009-03-14 00:00:00,2015-12-20 00:00:00,5,1
Little Blue Heron,55.0,1,165,2007-06-04 00:00:00,2019-05-19 00:00:00,1,1
Tricolored Heron,31.0,1,93,2008-04-12 00:00:00,2019-05-19 00:00:00,1,1
White Ibis,33.666666666666664,1,101,2007-06-04 00:00:00,2019-12-29 00:00:00,1,1
White-tailed Hawk,4.6,2,23,2009-12-27 00:00:00,2019-02-08 00:00:00,1,2
Belted Kingfisher,78.33333333333333,1,235,2008-04-12 00:00:00,2019-12-29 00:00:00,1,1
Blue Jay,300.3333333333333,1,901,2007-02-23 00:00:00,2019-12-22 00:00:00,1,1
Cedar Waxwing,181.0,1,543,2008-01-12 00:00:00,2019-12-22 00:00:00,1,1
Chipping Sparrow,97.0,1,291,2007-03-17 00:00:00,2019-12-22 00:00:00,1,1
Vesper Sparrow,30.666666666666668,1,92,2007-11-23 00:00:00,2019-06-16 00:00:00,1,1
Brewer's Blackbird,32.0,1,96,2009-07-22 00:00:00,2019-07-26 00:00:00,1,1
Palm Warbler,5.666666666666667,1,17,2011-02-12 00:00:00,2019-10-03 00:00:00,1,1
Inca Dove,30.666666666666668,1,92,2007-05-12 00:00:00,2019-07-13 00:00:00,1,1
Black-chinned Hummingbird,65.66666666666667,1,197,2007-03-17 00:00:00,2019-07-16 00:00:00,1,1
Buff-bellied Hummingbird,1.8,2,18,2008-04-10 00:00:00,2018-01-11 00:00:00,2,2
House Sparrow,730.6666666666666,1,1096,2007-04-03 00:00:00,2019-12-22 00:00:00,1,1
Chimney Swift,130.66666666666666,1,392,2008-04-12 00:00:00,2019-10-14 00:00:00,1,1
Ruby-throated Hummingbird,53.333333333333336,1,160,2008-04-11 00:00:00,2019-09-15 00:00:00,1,1
Ruddy Turnstone,15.333333333333334,1,46,2008-04-11 00:00:00,2019-05-28 00:00:00,1,1
Sanderling,19.0,1,57,2007-06-05 00:00:00,2019-05-29 00:00:00,1,1
Least Tern,14.0,1,42,2009-05-02 00:00:00,2019-05-19 00:00:00,1,1
Caspian Tern,14.333333333333334,1,43,2009-05-02 00:00:00,2019-07-28 00:00:00,1,1
Sandwich Tern,5.75,1,23,2008-04-12 00:00:00,2019-05-19 00:00:00,1,2
Black-bellied Plover,14.666666666666666,1,44,2008-04-11 00:00:00,2019-05-30 00:00:00,1,1
American Golden-Plover,6.0,1,18,2008-04-12 00:00:00,2019-05-30 00:00:00,1,1
Wilson's Plover,1.75,1,7,2009-05-02 00:00:00,2019-05-19 00:00:00,1,2
Semipalmated Plover,19.0,1,57,2008-04-12 00:00:00,2019-06-01 00:00:00,1,1
Piping Plover,1.3,2,13,2008-04-12 00:00:00,2018-08-17 00:00:00,2,2
Herring Gull,58.0,1,174,2008-04-12 00:00:00,2019-12-22 00:00:00,1,1
Black Tern,15.666666666666666,1,47,2009-05-02 00:00:00,2019-05-19 00:00:00,1,1
Reddish Egret,5.5,1,22,2009-05-02 00:00:00,2019-05-19 00:00:00,1,2
Scissor-tailed Flycatcher,252.0,1,756,2007-04-11 00:00:00,2019-06-30 00:00:00,1,1
Loggerhead Shrike,76.33333333333333,1,229,2007-11-23 00:00:00,2019-12-29 00:00:00,1,1
Horned Lark,27.666666666666668,1,83,2009-05-02 00:00:00,2019-10-06 00:00:00,1,1
Barn Swallow,338.6666666666667,1,1016,2007-04-04 00:00:00,2019-09-15 00:00:00,1,1
Common Tern,3.75,1,15,2013-08-12 00:00:00,2019-05-19 00:00:00,1,2
Purple Martin,103.66666666666667,1,311,2007-04-06 00:00:00,2019-07-10 00:00:00,1,1
Orchard Oriole,36.333333333333336,1,109,2008-04-12 00:00:00,2019-07-16 00:00:00,1,1
Cape May Warbler,0.5,1,4,2009-05-02 00:00:00,2018-08-14 00:00:00,2,2
Indigo Bunting,110.33333333333333,1,331,2007-04-21 00:00:00,2019-10-14 00:00:00,1,1
Black-necked Stilt,35.0,1,105,2007-06-09 00:00:00,2019-07-25 00:00:00,1,1
Neotropic Cormorant,64.66666666666667,1,194,2008-04-12 00:00:00,2019-12-27 00:00:00,1,1
Swainson's Hawk,51.0,1,153,2008-04-12 00:00:00,2019-07-15 00:00:00,1,1
Eastern Kingbird,72.0,1,216,2007-04-21 00:00:00,2019-09-08 00:00:00,1,1
Red-eyed Vireo,82.66666666666667,1,248,2008-04-12 00:00:00,2019-09-15 00:00:00,1,1
Cliff Swallow,169.0,1,507,2008-04-12 00:00:00,2019-07-12 00:00:00,1,1
Gray Catbird,41.333333333333336,1,124,2008-04-12 00:00:00,2019-09-28 00:00:00,1,1
Swainson's Thrush,45.666666666666664,1,137,2008-05-08 00:00:00,2019-09-28 00:00:00,1,1
Baltimore Oriole,25.666666666666668,1,77,2007-04-28 00:00:00,2019-06-27 00:00:00,1,1
Bronzed Cowbird,7.75,1,31,2010-07-26 00:00:00,2019-07-16 00:00:00,1,2
American Redstart,23.0,1,69,2009-05-05 00:00:00,2019-09-28 00:00:00,1,1
Summer Tanager,49.666666666666664,1,149,2008-04-12 00:00:00,2019-07-16 00:00:00,1,1
Rose-breasted Grosbeak,9.0,1,27,2009-05-05 00:00:00,2019-09-15 00:00:00,1,1
Yellow-billed Cuckoo,73.66666666666667,1,221,2009-05-17 00:00:00,2019-07-16 00:00:00,1,1
Common Nighthawk,50.666666666666664,1,152,2008-04-12 00:00:00,2019-09-11 00:00:00,1,1
Gray-cheeked Thrush,9.333333333333334,1,28,2012-05-06 00:00:00,2019-09-15 00:00:00,1,1
Wood Thrush,2.5,1,10,2013-06-07 00:00:00,2019-06-27 00:00:00,1,2
Yellow-breasted Chat,20.0,1,60,2009-05-12 00:00:00,2019-07-16 00:00:00,1,1
Worm-eating Warbler,0.6666666666666666,1,8,2008-04-12 00:00:00,2017-06-17 00:00:00,3,2
Northern Waterthrush,11.333333333333334,1,34,2008-04-12 00:00:00,2019-06-13 00:00:00,1,1
Hooded Warbler,7.0,1,21,2008-04-12 00:00:00,2019-06-27 00:00:00,1,1
Yellow Warbler,82.0,1,246,2008-05-11 00:00:00,2019-07-12 00:00:00,1,1
Scarlet Tanager,6.0,1,18,2008-04-12 00:00:00,2019-09-28 00:00:00,1,1
Red-headed Woodpecker,18.0,1,54,2008-04-12 00:00:00,2019-10-20 00:00:00,1,1
Eastern Wood-Pewee,34.0,1,102,2008-04-19 00:00:00,2019-09-28 00:00:00,1,1
Greater White-fronted Goose,12.0,1,36,2009-12-26 00:00:00,2019-10-20 00:00:00,1,1
American Wigeon,80.33333333333333,1,241,2007-11-23 00:00:00,2019-11-22 00:00:00,1,1
Canvasback,26.0,1,78,2007-11-22 00:00:00,2019-12-16 00:00:00,1,1
Hooded Merganser,29.333333333333332,1,88,2009-01-24 00:00:00,2019-12-21 00:00:00,1,1
King Rail,1.5,1,6,2011-02-12 00:00:00,2019-05-19 00:00:00,1,2
Clapper Rail,4.5,1,18,2009-12-27 00:00:00,2019-05-19 00:00:00,1,2
Yellow-crowned Night-Heron,28.333333333333332,1,85,2007-05-12 00:00:00,2019-07-08 00:00:00,1,1
Cooper's Hawk,61.666666666666664,1,185,2008-03-14 00:00:00,2019-12-14 00:00:00,1,1
Ash-throated Flycatcher,20.25,1,81,2009-07-12 00:00:00,2019-07-16 00:00:00,1,2
Tree Swallow,49.666666666666664,1,149,2008-04-12 00:00:00,2019-09-28 00:00:00,1,1
Bank Swallow,14.333333333333334,1,43,2009-03-31 00:00:00,2019-06-16 00:00:00,1,1
Cave Swallow,21.333333333333332,1,64,2009-03-15 00:00:00,2019-07-09 00:00:00,1,1
LeConte's Sparrow,10.666666666666666,1,32,2009-12-08 00:00:00,2019-09-28 00:00:00,1,1
Boat-tailed Grackle,13.0,1,52,2007-06-05 00:00:00,2019-05-19 00:00:00,1,2
American Oystercatcher,4.25,1,17,2007-06-09 00:00:00,2019-05-19 00:00:00,1,2
White-winged Dove,156.66666666666666,1,470,2008-03-19 00:00:00,2019-12-27 00:00:00,1,1
Northern Bobwhite,21.5,1,86,2003-11-23 00:00:00,2019-06-30 00:00:00,1,2
Long-billed Curlew,7.666666666666667,1,23,2008-04-12 00:00:00,2019-07-15 00:00:00,1,1
Gull-billed Tern,2.75,1,11,2008-04-12 00:00:00,2019-05-19 00:00:00,1,2
Wood Stork,5.333333333333333,1,16,2009-08-21 00:00:00,2019-05-18 00:00:00,1,1
Harris's Hawk,8.25,1,33,2010-07-24 00:00:00,2019-07-10 00:00:00,1,2
Golden-fronted Woodpecker,30.5,1,122,2008-07-04 00:00:00,2019-07-16 00:00:00,1,2
Ladder-backed Woodpecker,42.0,1,168,2007-03-17 00:00:00,2019-07-16 00:00:00,1,2
Aplomado Falcon,0.3333333333333333,3,4,2014-06-29 00:00:00,2018-01-07 00:00:00,2,2
Botteri's Sparrow,2.4,2,12,2010-07-25 00:00:00,2019-07-15 00:00:00,1,2
Cassin's Sparrow,13.0,1,52,2009-07-02 00:00:00,2019-07-15 00:00:00,1,2
Lark Sparrow,77.0,1,231,2007-11-08 00:00:00,2019-07-15 00:00:00,1,1
Brown-crested Flycatcher,10.25,1,41,2010-07-24 00:00:00,2019-07-15 00:00:00,1,2
Curve-billed Thrasher,14.25,1,57,2010-07-24 00:00:00,2019-07-10 00:00:00,1,2
Snow Goose,19.333333333333332,1,58,2009-01-14 00:00:00,2019-12-05 00:00:00,1,1
Ross's Goose,4.5,1,27,2009-01-24 00:00:00,2018-01-14 00:00:00,2,1
White-tailed Kite,5.5,1,22,2011-02-13 00:00:00,2019-05-19 00:00:00,1,2
Fulvous Whistling-Duck,2.5,1,10,2008-04-12 00:00:00,2019-05-19 00:00:00,1,2
Whimbrel,7.333333333333333,1,22,2012-04-06 00:00:00,2019-05-30 00:00:00,1,1
Stilt Sandpiper,20.666666666666668,1,62,2009-05-02 00:00:00,2019-05-25 00:00:00,1,1
Dunlin,12.0,1,36,2008-04-12 00:00:00,2019-05-30 00:00:00,1,1
Western Sandpiper,16.666666666666668,1,50,2008-04-12 00:00:00,2019-07-28 00:00:00,1,1
Wilson's Phalarope,24.333333333333332,1,73,2009-04-21 00:00:00,2019-07-15 00:00:00,1,1
Dickcissel,92.0,1,276,2009-04-21 00:00:00,2019-07-08 00:00:00,1,1
Purple Gallinule,4.75,1,19,2008-04-12 00:00:00,2019-05-19 00:00:00,1,2
Ruff,0.05555555555555555,3,2,2014-04-27 00:00:00,2014-04-27 00:00:00,6,2
Pectoral Sandpiper,23.333333333333332,1,70,2009-04-21 00:00:00,2019-05-26 00:00:00,1,1
Semipalmated Sandpiper,28.333333333333332,1,85,2009-04-21 00:00:00,2019-05-31 00:00:00,1,1
Least Bittern,0.6666666666666666,1,8,2013-05-12 00:00:00,2017-08-12 00:00:00,3,2
Green Heron,48.333333333333336,1,145,2007-06-04 00:00:00,2019-09-15 00:00:00,1,1
Seaside Sparrow,2.0,1,8,2009-12-27 00:00:00,2019-05-19 00:00:00,1,2
Prothonotary Warbler,21.333333333333332,1,64,2008-05-02 00:00:00,2019-06-27 00:00:00,1,1
Tennessee Warbler,15.333333333333334,1,46,2008-04-12 00:00:00,2019-10-11 00:00:00,1,1
Bufflehead,55.0,1,165,2008-11-15 00:00:00,2019-12-22 00:00:00,1,1
Virginia Rail,1.25,1,10,2012-06-19 00:00:00,2018-01-05 00:00:00,2,2
Bald Eagle,31.666666666666668,1,95,2008-03-16 00:00:00,2019-12-15 00:00:00,1,1
Baird's Sandpiper,17.333333333333332,1,52,2009-04-21 00:00:00,2019-07-15 00:00:00,1,1
White-rumped Sandpiper,16.333333333333332,1,49,2010-05-25 00:00:00,2019-05-19 00:00:00,1,1
Painted Bunting,112.0,1,336,2008-04-12 00:00:00,2019-07-16 00:00:00,1,1
Barred Owl,27.666666666666668,1,83,2007-12-30 00:00:00,2019-10-18 00:00:00,1,1
Great Crested Flycatcher,105.66666666666667,1,317,2008-05-07 00:00:00,2019-09-15 00:00:00,1,1
White-breasted Nuthatch,73.0,1,219,2008-03-09 00:00:00,2019-12-21 00:00:00,1,1
Nashville Warbler,31.0,1,93,2009-04-12 00:00:00,2019-10-06 00:00:00,1,1
Western Meadowlark,65.66666666666667,1,197,2009-01-24 00:00:00,2019-12-22 00:00:00,1,1
Mississippi Kite,47.333333333333336,1,142,2008-06-13 00:00:00,2019-08-01 00:00:00,1,1
Northern Parula,43.666666666666664,1,131,2008-04-12 00:00:00,2019-09-28 00:00:00,1,1
Acadian Flycatcher,16.0,1,48,2009-06-08 00:00:00,2019-06-27 00:00:00,1,1
Upland Sandpiper,15.666666666666666,1,47,2009-04-21 00:00:00,2019-05-06 00:00:00,1,1
Western Kingbird,112.66666666666667,1,338,2008-04-27 00:00:00,2019-07-15 00:00:00,1,1
Greater Scaup,14.333333333333334,1,43,2010-07-31 00:00:00,2019-11-23 00:00:00,1,1
Plain Chachalaca,4.8,2,24,2011-12-28 00:00:00,2019-02-07 00:00:00,1,2
White-tipped Dove,4.4,2,22,2011-12-28 00:00:00,2019-01-06 00:00:00,1,2
Gray Hawk,5.0,2,25,2010-07-26 00:00:00,2019-07-12 00:00:00,1,2
Northern Beardless-Tyrannulet,1.8,2,9,2010-07-27 00:00:00,2019-07-12 00:00:00,1,2
Black Phoebe,12.0,1,48,2010-07-27 00:00:00,2019-07-28 00:00:00,1,2
Great Kiskadee,11.6,2,58,2011-12-28 00:00:00,2019-02-07 00:00:00,1,2
Couch's Kingbird,2.5,2,25,2011-12-30 00:00:00,2018-01-10 00:00:00,2,2
Green Jay,6.4,2,32,2010-03-15 00:00:00,2019-02-07 00:00:00,1,2
Clay-colored Thrush,5.333333333333333,3,32,2011-12-28 00:00:00,2019-02-07 00:00:00,1,2
Groove-billed Ani,3.0,2,15,2014-06-30 00:00:00,2019-01-08 00:00:00,1,2
Lesser Nighthawk,5.5,1,22,2010-07-24 00:00:00,2019-07-13 00:00:00,1,2
Common Pauraque,2.4,2,12,2011-12-30 00:00:00,2019-01-08 00:00:00,1,2
Eastern Screech-Owl,9.0,1,27,2007-03-17 00:00:00,2019-12-21 00:00:00,1,1
Tropical Kingbird,7.0,2,35,2014-06-30 00:00:00,2019-07-12 00:00:00,1,2
Yellow-green Vireo,0.5,3,3,2014-06-28 00:00:00,2019-07-16 00:00:00,1,2
Verdin,20.0,1,80,2008-11-14 00:00:00,2019-07-15 00:00:00,1,2
Long-billed Thrasher,6.6,2,33,2011-12-28 00:00:00,2019-02-07 00:00:00,1,2
Olive Sparrow,4.8,2,24,2011-12-29 00:00:00,2019-02-07 00:00:00,1,2
Altamira Oriole,3.8,2,19,2011-12-28 00:00:00,2019-02-07 00:00:00,1,2
Common Ground Dove,11.25,1,45,2008-07-05 00:00:00,2019-07-16 00:00:00,1,2
Green Parakeet,2.0,2,5,2014-06-28 00:00:00,2019-02-07 00:00:00,1,2
Lesser Goldfinch,28.5,1,114,2008-07-05 00:00:00,2019-07-16 00:00:00,1,2
Green Kingfisher,2.6,2,13,2011-12-30 00:00:00,2019-01-06 00:00:00,1,2
Sulphur-bellied Flycatcher,3.4,2,17,2010-07-25 00:00:00,2019-07-14 00:00:00,1,2
Brown-headed Nuthatch,4.25,1,17,2008-10-18 00:00:00,2019-06-27 00:00:00,1,2
Yellow-throated Warbler,18.333333333333332,1,55,2008-04-12 00:00:00,2019-06-27 00:00:00,1,1
Prairie Warbler,2.75,1,11,2011-03-09 00:00:00,2019-05-17 00:00:00,1,2
Solitary Sandpiper,13.666666666666666,1,41,2008-04-27 00:00:00,2019-09-15 00:00:00,1,1
Magnolia Warbler,12.0,1,36,2009-05-02 00:00:00,2019-09-28 00:00:00,1,1
Blackpoll Warbler,4.0,1,12,2010-05-15 00:00:00,2019-09-28 00:00:00,1,1
Eastern Towhee,15.333333333333334,1,46,2008-12-06 00:00:00,2019-12-21 00:00:00,1,1
Hooded Oriole,6.25,1,25,2010-07-24 00:00:00,2019-07-11 00:00:00,1,2
Blue Grosbeak,55.333333333333336,1,166,2010-05-25 00:00:00,2019-07-16 00:00:00,1,1
Fish Crow,21.0,1,63,2010-04-01 00:00:00,2019-06-27 00:00:00,1,1
Kentucky Warbler,6.666666666666667,1,20,2012-05-18 00:00:00,2019-06-27 00:00:00,1,1
Hairy Woodpecker,47.333333333333336,1,142,2008-01-18 00:00:00,2019-12-16 00:00:00,1,1
Olive-sided Flycatcher,8.333333333333334,1,25,2009-05-08 00:00:00,2019-06-13 00:00:00,1,1
Alder Flycatcher,5.666666666666667,1,17,2009-05-06 00:00:00,2019-05-07 00:00:00,1,1
Least Flycatcher,19.0,1,57,2008-05-26 00:00:00,2019-09-15 00:00:00,1,1
Bell's Vireo,22.0,1,66,2008-10-17 00:00:00,2019-07-16 00:00:00,1,1
Philadelphia Vireo,7.666666666666667,1,23,2011-04-27 00:00:00,2019-09-28 00:00:00,1,1
Swainson's Warbler,1.8,2,9,2013-05-12 00:00:00,2019-05-06 00:00:00,1,2
Black-throated Green Warbler,17.0,1,51,2009-05-10 00:00:00,2019-09-28 00:00:00,1,1
Marbled Godwit,6.666666666666667,1,20,2008-04-12 00:00:00,2019-05-19 00:00:00,1,1
Short-billed Dowitcher,7.75,1,31,2007-06-05 00:00:00,2019-06-01 00:00:00,1,2
Limpkin,0.5714285714285714,2,4,2016-01-07 00:00:00,2019-05-17 00:00:00,1,4
Glossy Ibis,3.75,1,15,2011-02-12 00:00:00,2019-05-17 00:00:00,1,2
Snail Kite,0.42857142857142855,2,3,2016-01-07 00:00:00,2019-05-17 00:00:00,1,4
Gray-headed Swamphen,0.5714285714285714,2,2,2016-01-07 00:00:00,2019-05-17 00:00:00,1,4
Cassin's Kingbird,14.5,1,58,2010-07-25 00:00:00,2019-07-16 00:00:00,1,2
Abert's Towhee,3.4,1,17,2010-07-24 00:00:00,2019-07-13 00:00:00,1,3
Red-billed Pigeon,0.8,2,4,2016-05-30 00:00:00,2019-01-05 00:00:00,1,2
Ringed Kingfisher,2.8,2,14,2011-12-29 00:00:00,2019-06-23 00:00:00,1,2
Audubon's Oriole,0.6,2,6,2011-12-29 00:00:00,2018-01-10 00:00:00,2,2
Pyrrhuloxia,13.0,1,52,2010-07-24 00:00:00,2019-07-15 00:00:00,1,2
Greater Roadrunner,35.0,1,105,2008-05-11 00:00:00,2019-07-13 00:00:00,1,1
Say's Phoebe,13.75,1,55,2009-04-21 00:00:00,2019-07-15 00:00:00,1,2
Ferruginous Pygmy-Owl,0.6666666666666666,3,4,2016-05-28 00:00:00,2019-01-05 00:00:00,1,2
Collared Forest-Falcon,0.25,5,3,2019-01-05 00:00:00,2019-01-06 00:00:00,1,6
Red-legged Honeycreeper,0.16666666666666666,5,2,2019-01-05 00:00:00,2019-01-05 00:00:00,1,6
Ruddy Ground Dove,0.8571428571428571,3,6,2017-12-18 00:00:00,2019-01-06 00:00:00,1,3
Green-breasted Mango,0.45454545454545453,4,5,2019-01-04 00:00:00,2019-01-06 00:00:00,1,6
Cinnamon Hummingbird,0.3333333333333333,5,4,2019-01-04 00:00:00,2019-01-06 00:00:00,1,6
Northern Jacana,0.7142857142857143,4,5,2010-03-21 00:00:00,2019-01-08 00:00:00,1,2
Crane Hawk,0.16666666666666666,5,2,2019-01-04 00:00:00,2019-01-06 00:00:00,1,6
Zone-tailed Hawk,1.6,2,8,2010-07-27 00:00:00,2019-07-13 00:00:00,1,2
Rose-throated Becard,0.7142857142857143,3,5,2017-01-13 00:00:00,2019-07-12 00:00:00,1,3
Dusky-capped Flycatcher,4.0,2,24,2010-07-25 00:00:00,2019-07-14 00:00:00,1,3
Morelet's Seedeater,0.5,3,3,2014-07-01 00:00:00,2019-01-06 00:00:00,1,2
Monk Parakeet,11.2,2,28,2008-12-06 00:00:00,2019-05-17 00:00:00,1,2
Emperor Goose,0.125,2,1,2019-05-28 00:00:00,2019-05-28 00:00:00,1,5
Brant,2.5,1,15,2017-01-06 00:00:00,2019-05-31 00:00:00,1,4
Cackling Goose,17.666666666666668,1,53,2009-01-14 00:00:00,2019-11-17 00:00:00,1,1
Tundra Swan,5.333333333333333,1,16,2012-01-02 00:00:00,2019-12-16 00:00:00,1,1
Eurasian Wigeon,1.0,2,7,2017-01-04 00:00:00,2019-05-28 00:00:00,1,4
Common Eider,3.3333333333333335,1,20,2018-08-12 00:00:00,2019-05-30 00:00:00,1,4
Harlequin Duck,5.0,1,20,2011-06-06 00:00:00,2019-11-23 00:00:00,1,2
White-winged Scoter,5.666666666666667,1,17,2014-02-20 00:00:00,2019-11-23 00:00:00,1,1
Black Scoter,6.0,1,18,2013-08-11 00:00:00,2019-11-17 00:00:00,1,1
Long-tailed Duck,8.0,1,24,2009-01-24 00:00:00,2019-12-16 00:00:00,1,1
Red-breasted Merganser,20.0,1,60,2011-01-02 00:00:00,2019-12-21 00:00:00,1,1
Bar-tailed Godwit,1.0,2,7,2013-08-12 00:00:00,2019-05-30 00:00:00,1,4
Red-necked Phalarope,4.5,1,18,2010-07-31 00:00:00,2019-06-01 00:00:00,1,2
Parasitic Jaeger,1.8333333333333333,1,11,2018-08-13 00:00:00,2019-05-31 00:00:00,1,4
Long-tailed Jaeger,4.0,1,16,2017-09-01 00:00:00,2019-05-31 00:00:00,1,2
Common Murre,1.3333333333333333,1,8,2014-06-11 00:00:00,2019-05-30 00:00:00,1,4
Thick-billed Murre,0.8571428571428571,1,6,2019-05-23 00:00:00,2019-05-31 00:00:00,1,5
Horned Puffin,0.8571428571428571,1,6,2019-05-22 00:00:00,2019-05-30 00:00:00,1,5
Black-legged Kittiwake,2.8333333333333335,1,17,2017-01-03 00:00:00,2019-05-31 00:00:00,1,4
Mew Gull,4.5,1,27,2017-01-06 00:00:00,2019-06-02 00:00:00,1,4
Iceland Gull,1.6666666666666667,1,5,2014-03-01 00:00:00,2019-11-17 00:00:00,1,1
Slaty-backed Gull,0.5555555555555556,3,5,2019-05-24 00:00:00,2019-05-29 00:00:00,1,5
Glaucous-winged Gull,4.0,1,24,2017-01-03 00:00:00,2019-06-02 00:00:00,1,4
Glaucous Gull,5.75,1,23,2015-01-05 00:00:00,2019-05-31 00:00:00,1,2
Aleutian Tern,1.125,2,9,2019-05-21 00:00:00,2019-05-31 00:00:00,1,5
Arctic Tern,9.0,1,27,2014-11-24 00:00:00,2019-06-01 00:00:00,1,1
Red-throated Loon,6.25,1,25,2011-01-02 00:00:00,2019-05-31 00:00:00,1,2
Pacific Loon,4.0,1,16,2011-02-13 00:00:00,2019-05-31 00:00:00,1,2
Pelagic Cormorant,2.3333333333333335,1,14,2014-06-11 00:00:00,2019-07-28 00:00:00,1,4
Peregrine Falcon,11.333333333333334,1,34,2009-07-13 00:00:00,2019-07-14 00:00:00,1,1
Common Raven,67.5,1,270,2007-11-23 00:00:00,2019-07-27 00:00:00,1,2
Eastern Yellow Wagtail,0.75,2,6,2019-05-28 00:00:00,2019-05-30 00:00:00,1,5
Common Redpoll,1.1666666666666667,1,7,2018-12-17 00:00:00,2019-06-02 00:00:00,1,4
Hoary Redpoll,1.75,2,14,2019-05-28 00:00:00,2019-05-31 00:00:00,1,5
Lapland Longspur,9.333333333333334,1,28,2009-12-22 00:00:00,2019-05-31 00:00:00,1,1
Golden-crowned Sparrow,4.0,1,16,2017-01-04 00:00:00,2019-06-02 00:00:00,1,2
Wilson's Warbler,29.666666666666668,1,89,2008-05-17 00:00:00,2019-09-08 00:00:00,1,1
King Eider,0.5714285714285714,2,4,2013-08-14 00:00:00,2019-05-25 00:00:00,1,4
Lesser Sand-Plover,0.1111111111111111,3,1,2019-05-23 00:00:00,2019-05-23 00:00:00,1,5
Black-tailed Godwit,0.1111111111111111,3,1,2019-05-23 00:00:00,2019-05-23 00:00:00,1,5
Rock Sandpiper,0.7142857142857143,2,5,2017-01-05 00:00:00,2019-05-26 00:00:00,1,4
Wood Sandpiper,0.25,2,2,2019-05-23 00:00:00,2019-05-24 00:00:00,1,5
Pomarine Jaeger,0.5,1,3,2017-01-03 00:00:00,2019-05-23 00:00:00,1,4
Pigeon Guillemot,1.3333333333333333,1,8,2014-06-11 00:00:00,2019-05-25 00:00:00,1,4
Least Auklet,0.5,2,4,2019-05-23 00:00:00,2019-05-26 00:00:00,1,5
Crested Auklet,0.5,2,4,2019-05-23 00:00:00,2019-05-26 00:00:00,1,5
Rhinoceros Auklet,0.5,1,3,2017-01-03 00:00:00,2019-05-23 00:00:00,1,4
Northern Fulmar,0.6666666666666666,1,4,2017-01-03 00:00:00,2019-05-25 00:00:00,1,4
Red-faced Cormorant,0.5,2,4,2019-05-23 00:00:00,2019-05-26 00:00:00,1,5
Short-eared Owl,1.5,1,6,2014-01-18 00:00:00,2019-05-24 00:00:00,1,2
Gray-crowned Rosy-Finch,1.2,1,6,2015-01-06 00:00:00,2019-05-26 00:00:00,1,3
Snow Bunting,2.25,1,9,2018-12-16 00:00:00,2019-11-23 00:00:00,1,2
Yellow Rail,0.06666666666666667,2,2,2013-12-17 00:00:00,2014-12-19 00:00:00,6,2
American Woodcock,0.6666666666666666,1,6,2011-01-02 00:00:00,2017-02-24 00:00:00,3,1
Common Loon,22.0,1,66,2009-12-27 00:00:00,2019-11-17 00:00:00,1,1
Barn Owl,4.0,1,12,2012-06-29 00:00:00,2019-07-10 00:00:00,1,1
Chihuahuan Raven,15.5,1,62,2010-07-30 00:00:00,2019-07-12 00:00:00,1,2
Ferruginous Hawk,3.0,1,12,2012-07-10 00:00:00,2019-06-17 00:00:00,1,2
Prairie Falcon,4.0,1,16,2009-07-13 00:00:00,2019-06-12 00:00:00,1,2
Chestnut-collared Longspur,3.6666666666666665,1,11,2011-01-22 00:00:00,2019-03-03 00:00:00,1,1
Bonaparte's Gull,37.0,1,111,2008-12-19 00:00:00,2019-12-21 00:00:00,1,1
Common Merganser,17.333333333333332,1,52,2011-05-30 00:00:00,2019-12-16 00:00:00,1,1
Black-tailed Gull,0.03125,4,1,2016-01-15 00:00:00,2016-01-15 00:00:00,4,3
Brown Creeper,36.333333333333336,1,109,2007-12-17 00:00:00,2019-12-21 00:00:00,1,1
Rusty Blackbird,5.666666666666667,1,17,2008-12-06 00:00:00,2019-10-25 00:00:00,1,1
Lesser Black-backed Gull,4.5,2,18,2009-12-19 00:00:00,2019-12-21 00:00:00,1,1
Pine Siskin,30.333333333333332,1,91,2009-07-12 00:00:00,2019-12-14 00:00:00,1,1
Green-tailed Towhee,4.25,1,17,2009-07-19 00:00:00,2019-06-18 00:00:00,1,2
Wild Turkey,29.0,1,87,2001-11-23 00:00:00,2019-07-15 00:00:00,1,1
Horned Grebe,19.666666666666668,1,59,2010-01-23 00:00:00,2019-11-23 00:00:00,1,1
Purple Finch,3.0,1,9,2011-01-22 00:00:00,2019-09-15 00:00:00,1,1
Franklin's Gull,40.666666666666664,1,122,2009-04-05 00:00:00,2019-05-05 00:00:00,1,1
Red-breasted Nuthatch,18.666666666666668,1,56,2011-06-07 00:00:00,2019-10-26 00:00:00,1,1
Cinnamon Teal,9.0,1,27,2008-03-16 00:00:00,2019-07-09 00:00:00,1,1
Scaled Quail,4.25,1,17,2010-07-25 00:00:00,2019-07-15 00:00:00,1,2
Yellow-footed Gull,0.041666666666666664,3,1,2017-01-02 00:00:00,2017-01-02 00:00:00,3,4
California Gull,7.5,1,30,2011-06-10 00:00:00,2019-07-28 00:00:00,1,2
Ridgway's Rail,0.047619047619047616,2,1,2017-01-02 00:00:00,2017-01-02 00:00:00,3,4
Black-tailed Gnatcatcher,4.75,1,19,2014-06-26 00:00:00,2019-07-15 00:00:00,1,2
Western Grebe,6.333333333333333,1,19,2009-11-12 00:00:00,2019-06-16 00:00:00,1,1
American Black Duck,7.666666666666667,1,23,2013-08-13 00:00:00,2019-12-16 00:00:00,1,1
Great Black-backed Gull,3.25,1,39,2013-08-11 00:00:00,2018-12-19 00:00:00,2,4
Trumpeter Swan,3.6666666666666665,1,11,2011-05-29 00:00:00,2019-11-16 00:00:00,1,1
Surf Scoter,5.666666666666667,1,17,2014-06-11 00:00:00,2019-10-26 00:00:00,1,1
Ring-necked Pheasant,6.666666666666667,1,10,2012-06-19 00:00:00,2019-11-17 00:00:00,1,1
Rough-legged Hawk,2.25,1,9,2012-11-29 00:00:00,2019-05-31 00:00:00,1,2
Northern Shrike,1.3333333333333333,1,4,2017-01-08 00:00:00,2019-11-17 00:00:00,1,1
Northwestern Crow,0.7142857142857143,1,5,2017-01-08 00:00:00,2019-05-22 00:00:00,1,5
Surfbird,1.0,1,6,2017-01-03 00:00:00,2019-05-30 00:00:00,1,4
Red Phalarope,1.25,1,5,2015-08-26 00:00:00,2019-05-30 00:00:00,1,2
Spectacled Eider,0.1111111111111111,3,1,2019-05-29 00:00:00,2019-05-29 00:00:00,1,5
Mute Swan,1.0,1,6,2013-08-15 00:00:00,2018-12-19 00:00:00,2,4
Clark's Grebe,1.25,1,5,2011-05-31 00:00:00,2019-05-05 00:00:00,1,2
Brewer's Sparrow,4.75,1,19,2011-05-31 00:00:00,2019-06-14 00:00:00,1,2
Black-throated Sparrow,17.5,1,70,2007-11-20 00:00:00,2019-07-15 00:00:00,1,2
Canyon Towhee,11.75,1,47,2010-07-27 00:00:00,2019-07-16 00:00:00,1,2
Black-billed Magpie,20.75,1,83,2009-07-11 00:00:00,2019-06-19 00:00:00,1,2
Mountain Bluebird,15.5,1,62,2009-07-11 00:00:00,2019-06-19 00:00:00,1,2
Townsend's Solitaire,5.25,1,21,2009-07-20 00:00:00,2019-03-02 00:00:00,1,2
Warbling Vireo,36.0,1,108,2009-05-05 00:00:00,2019-09-28 00:00:00,1,1
Clay-colored Sparrow,10.0,1,30,2009-03-19 00:00:00,2019-09-28 00:00:00,1,1
Black-capped Chickadee,47.666666666666664,1,143,2011-03-14 00:00:00,2019-12-16 00:00:00,1,1
Pink-footed Goose,0.05555555555555555,4,1,2018-12-19 00:00:00,2018-12-19 00:00:00,2,4
Barrow's Goldeneye,1.4,1,7,2011-05-31 00:00:00,2019-06-02 00:00:00,1,3
Red-necked Grebe,3.75,1,15,2013-12-25 00:00:00,2019-06-16 00:00:00,1,2
Western Gull,5.0,1,30,2014-06-10 00:00:00,2019-07-28 00:00:00,1,4
Red Knot,0.875,1,7,2013-04-27 00:00:00,2018-08-17 00:00:00,2,2
Black-headed Gull,0.625,3,5,2018-12-17 00:00:00,2019-05-25 00:00:00,1,4
Great Cormorant,0.16666666666666666,1,2,2018-08-15 00:00:00,2018-12-18 00:00:00,2,4
American Tree Sparrow,7.666666666666667,1,23,2015-01-07 00:00:00,2019-12-15 00:00:00,1,1
Black Oystercatcher,0.6666666666666666,1,4,2014-06-11 00:00:00,2019-07-28 00:00:00,1,4
Marbled Murrelet,0.5,1,3,2017-01-03 00:00:00,2019-05-22 00:00:00,1,4
Kittlitz's Murrelet,0.125,2,1,2019-05-22 00:00:00,2019-05-22 00:00:00,1,5
Tufted Puffin,0.5714285714285714,1,4,2019-05-22 00:00:00,2019-05-26 00:00:00,1,5
Violet-green Swallow,28.75,1,115,2009-07-11 00:00:00,2019-07-11 00:00:00,1,2
Varied Thrush,1.8333333333333333,1,11,2017-01-07 00:00:00,2019-06-02 00:00:00,1,4
Townsend's Warbler,2.0,1,8,2018-01-08 00:00:00,2019-05-27 00:00:00,1,2
Pacific Wren,1.1666666666666667,1,7,2014-06-11 00:00:00,2019-07-27 00:00:00,1,4
Falcated Duck,0.1,4,1,2019-06-01 00:00:00,2019-06-01 00:00:00,1,5
Hudsonian Godwit,5.0,1,15,2009-04-21 00:00:00,2019-06-01 00:00:00,1,1
Western Wood-Pewee,22.0,1,88,2009-07-14 00:00:00,2019-07-16 00:00:00,1,2
Canyon Wren,13.5,1,54,2010-07-27 00:00:00,2019-07-16 00:00:00,1,2
Pygmy Nuthatch,9.75,1,39,2009-07-15 00:00:00,2019-07-26 00:00:00,1,2
Smith's Longspur,1.5,2,6,2013-01-13 00:00:00,2019-03-06 00:00:00,1,1
Willow Ptarmigan,0.5,2,4,2019-05-28 00:00:00,2019-05-30 00:00:00,1,5
Rock Ptarmigan,0.625,2,5,2019-05-28 00:00:00,2019-06-02 00:00:00,1,5
Bristle-thighed Curlew,0.1111111111111111,3,1,2019-05-29 00:00:00,2019-05-29 00:00:00,1,5
Golden Eagle,3.75,1,15,2011-06-02 00:00:00,2019-06-17 00:00:00,1,2
Gyrfalcon,0.125,2,1,2019-05-29 00:00:00,2019-05-29 00:00:00,1,5
Bluethroat,0.125,2,1,2019-05-29 00:00:00,2019-05-29 00:00:00,1,5
Pacific Golden-Plover,0.375,2,3,2019-05-24 00:00:00,2019-05-30 00:00:00,1,5
Wandering Tattler,1.0,1,6,2017-01-09 00:00:00,2019-05-31 00:00:00,1,4
Northern Wheatear,0.4,2,2,2010-03-15 00:00:00,2019-05-30 00:00:00,1,2
White Wagtail,0.1111111111111111,3,1,2019-05-30 00:00:00,2019-05-30 00:00:00,1,5
Lewis's Woodpecker,2.75,1,11,2012-06-16 00:00:00,2019-06-19 00:00:00,1,2
Louisiana Waterthrush,7.333333333333333,1,22,2013-07-20 00:00:00,2019-05-06 00:00:00,1,1
Bushtit,9.5,1,38,2009-07-15 00:00:00,2019-07-27 00:00:00,1,2
South Polar Skua,0.2,2,2,2013-08-09 00:00:00,2018-08-13 00:00:00,2,2
Spruce Grouse,0.16666666666666666,2,2,2018-08-10 00:00:00,2018-08-15 00:00:00,2,3
Woodhouse's Scrub-Jay,16.25,1,65,2009-07-12 00:00:00,2019-07-16 00:00:00,1,2
Rufous-crowned Sparrow,15.0,1,60,2009-11-25 00:00:00,2019-07-16 00:00:00,1,2
Grasshopper Sparrow,22.666666666666668,1,68,2010-05-25 00:00:00,2019-12-27 00:00:00,1,1
Bullock's Oriole,13.5,1,54,2009-07-12 00:00:00,2019-07-13 00:00:00,1,2
Snowy Plover,5.333333333333333,1,16,2009-12-27 00:00:00,2019-05-19 00:00:00,1,1
Lazuli Bunting,8.333333333333334,1,25,2009-04-06 00:00:00,2019-06-12 00:00:00,1,1
Yellow-headed Blackbird,7.666666666666667,1,23,2011-05-30 00:00:00,2019-06-18 00:00:00,1,1
Buff-breasted Sandpiper,8.0,1,24,2008-04-12 00:00:00,2019-05-02 00:00:00,1,1
Blackburnian Warbler,5.666666666666667,1,17,2009-05-01 00:00:00,2019-09-08 00:00:00,1,1
Ovenbird,9.333333333333334,1,28,2011-12-30 00:00:00,2019-09-28 00:00:00,1,1
Canada Warbler,5.333333333333333,1,16,2010-05-12 00:00:00,2019-05-20 00:00:00,1,1
Willow Flycatcher,6.666666666666667,1,20,2009-08-05 00:00:00,2019-06-16 00:00:00,1,1
Black-capped Vireo,2.2,2,11,2012-05-26 00:00:00,2019-06-23 00:00:00,1,2
Razorbill,0.5,1,6,2018-08-14 00:00:00,2018-12-16 00:00:00,2,4
Black Guillemot,0.8333333333333334,1,10,2018-08-12 00:00:00,2018-12-15 00:00:00,2,4
Northern Gannet,0.4166666666666667,1,5,2016-01-06 00:00:00,2018-12-16 00:00:00,2,4
Nelson's Sparrow,1.3333333333333333,1,4,2011-02-12 00:00:00,2019-10-03 00:00:00,1,1
Veery,3.3333333333333335,1,10,2011-06-02 00:00:00,2019-09-08 00:00:00,1,1
Connecticut Warbler,0.25,2,1,2019-09-08 00:00:00,2019-09-08 00:00:00,1,1
Bay-breasted Warbler,1.6666666666666667,1,5,2013-05-10 00:00:00,2019-09-28 00:00:00,1,1
Black-throated Blue Warbler,2.0,1,6,2013-06-06 00:00:00,2019-09-28 00:00:00,1,1
Purple Sandpiper,0.25,1,2,2018-03-18 00:00:00,2018-12-15 00:00:00,2,2
Snowy Owl,0.3,2,3,2012-02-18 00:00:00,2018-12-15 00:00:00,2,2
Greater Prairie-Chicken,0.041666666666666664,2,1,2016-04-24 00:00:00,2016-04-24 00:00:00,4,3
Bobolink,2.0,1,6,2013-05-09 00:00:00,2019-05-18 00:00:00,1,1
Gunnison Sage-Grouse,0.08333333333333333,2,1,2018-04-15 00:00:00,2018-04-15 00:00:00,2,3
Atlantic Puffin,0.3333333333333333,1,4,2018-08-13 00:00:00,2018-08-15 00:00:00,2,4
Wilson's Storm-Petrel,0.08333333333333333,1,1,2018-08-13 00:00:00,2018-08-13 00:00:00,2,4
Leach's Storm-Petrel,0.25,1,2,2015-07-11 00:00:00,2018-08-13 00:00:00,2,2
Great Shearwater,0.3333333333333333,1,4,2018-08-13 00:00:00,2018-08-15 00:00:00,2,4
Sooty Shearwater,0.4166666666666667,1,5,2014-06-16 00:00:00,2018-08-15 00:00:00,2,4
Rock Wren,7.5,1,30,2009-07-20 00:00:00,2019-07-16 00:00:00,1,2
Broad-tailed Hummingbird,17.5,1,70,2009-07-12 00:00:00,2019-07-24 00:00:00,1,2
White-throated Swift,10.25,1,41,2009-07-11 00:00:00,2019-07-16 00:00:00,1,2
Costa's Hummingbird,1.2,1,6,2010-07-24 00:00:00,2019-07-13 00:00:00,1,3
Allen's Hummingbird,1.0,1,6,2014-06-13 00:00:00,2019-07-28 00:00:00,1,4
Nuttall's Woodpecker,0.5,1,3,2014-06-17 00:00:00,2019-06-03 00:00:00,1,4
California Scrub-Jay,3.1666666666666665,1,19,2014-06-11 00:00:00,2019-07-25 00:00:00,1,4
Western Bluebird,9.75,1,39,2009-07-13 00:00:00,2019-07-15 00:00:00,1,2
Lawrence's Goldfinch,0.14285714285714285,2,1,2019-06-03 00:00:00,2019-06-03 00:00:00,1,4
California Towhee,2.1666666666666665,1,13,2014-06-12 00:00:00,2019-06-03 00:00:00,1,4
Anna's Hummingbird,7.5,1,30,2010-07-27 00:00:00,2019-07-27 00:00:00,1,2
Heermann's Gull,1.6666666666666667,1,10,2014-06-11 00:00:00,2019-07-28 00:00:00,1,4
Brandt's Cormorant,1.5,1,9,2014-06-11 00:00:00,2019-07-28 00:00:00,1,4
Virginia's Warbler,3.25,1,13,2009-07-15 00:00:00,2019-07-13 00:00:00,1,2
Yellow-billed Loon,0.2,2,1,2019-02-17 00:00:00,2019-02-17 00:00:00,1,2
Chukar,0.031746031746031744,2,1,2011-06-10 00:00:00,2011-06-10 00:00:00,9,4
Gray Flycatcher,2.5,1,10,2011-06-10 00:00:00,2019-07-15 00:00:00,1,2
Great Gray Owl,0.015873015873015872,2,1,2011-06-07 00:00:00,2011-06-07 00:00:00,9,4
Dusky Flycatcher,4.25,1,17,2009-07-21 00:00:00,2019-06-19 00:00:00,1,2
Cordilleran Flycatcher,11.5,1,46,2009-07-11 00:00:00,2019-07-24 00:00:00,1,2
Mountain Chickadee,16.75,1,67,2009-07-11 00:00:00,2019-07-16 00:00:00,1,2
Acorn Woodpecker,16.25,1,65,2010-07-25 00:00:00,2019-07-27 00:00:00,1,2
Oak Titmouse,1.5,1,9,2014-06-12 00:00:00,2019-07-26 00:00:00,1,4
Calliope Hummingbird,2.5,1,10,2010-07-30 00:00:00,2019-07-08 00:00:00,1,2
Western Tanager,12.75,1,51,2009-07-14 00:00:00,2019-07-16 00:00:00,1,2
American Dipper,1.4,1,7,2009-07-13 00:00:00,2019-01-09 00:00:00,1,3
Black-headed Grosbeak,16.0,1,64,2009-07-12 00:00:00,2019-07-14 00:00:00,1,2
MacGillivray's Warbler,3.75,1,15,2011-06-04 00:00:00,2019-06-18 00:00:00,1,2
Canada Jay,2.0,1,10,2011-03-14 00:00:00,2019-05-21 00:00:00,1,3
Brown Booby,0.2,2,4,2014-06-16 00:00:00,2016-11-23 00:00:00,4,2
Saltmarsh Sparrow,0.08333333333333333,1,1,2018-08-18 00:00:00,2018-08-18 00:00:00,2,4
Cactus Wren,7.75,1,31,2010-07-24 00:00:00,2019-07-15 00:00:00,1,2
Egyptian Goose,0.8571428571428571,2,3,2016-01-08 00:00:00,2019-05-17 00:00:00,1,4
Muscovy Duck,1.1428571428571428,2,4,2016-01-08 00:00:00,2019-05-17 00:00:00,1,4
Gray Kingbird,0.5714285714285714,2,4,2019-05-16 00:00:00,2019-05-17 00:00:00,1,4
Little Gull,0.20833333333333334,3,5,2010-02-21 00:00:00,2016-10-28 00:00:00,4,2
Northern Goshawk,0.8,1,4,2016-06-21 00:00:00,2019-07-13 00:00:00,1,3
Tropical Parula,0.6666666666666666,3,4,2016-05-30 00:00:00,2019-01-07 00:00:00,1,2
Masked Duck,0.05555555555555555,3,1,2017-09-18 00:00:00,2017-09-18 00:00:00,3,2
American Flamingo,0.3333333333333333,3,2,2008-04-12 00:00:00,2019-05-18 00:00:00,1,2
Gilded Flicker,0.6666666666666666,2,4,2010-07-24 00:00:00,2019-07-10 00:00:00,1,3
Tufted Duck,0.5,3,4,2017-01-09 00:00:00,2019-05-26 00:00:00,1,4
Red-necked Stint,0.1111111111111111,3,1,2019-05-24 00:00:00,2019-05-24 00:00:00,1,5
Parakeet Auklet,0.375,2,3,2019-05-24 00:00:00,2019-05-26 00:00:00,1,5
Red-legged Kittiwake,0.375,2,3,2019-05-24 00:00:00,2019-05-26 00:00:00,1,5
Short-tailed Shearwater,0.25,2,2,2019-05-24 00:00:00,2019-05-25 00:00:00,1,5
McKay's Bunting,0.2222222222222222,3,2,2019-05-24 00:00:00,2019-05-26 00:00:00,1,5
Common Snipe,0.1111111111111111,3,1,2019-05-25 00:00:00,2019-05-25 00:00:00,1,5
Gray-tailed Tattler,0.1111111111111111,3,1,2019-05-26 00:00:00,2019-05-26 00:00:00,1,5
Lark Bunting,3.75,1,15,2011-06-11 00:00:00,2019-05-05 00:00:00,1,2
Black-vented Oriole,0.027777777777777776,5,2,2011-12-28 00:00:00,2012-01-01 00:00:00,9,2
Common Pochard,0.041666666666666664,3,1,2017-01-09 00:00:00,2017-01-09 00:00:00,3,4
Black Turnstone,1.0,1,6,2017-01-03 00:00:00,2019-07-28 00:00:00,1,4
Sabine's Gull,0.5,1,2,2014-09-20 00:00:00,2019-05-31 00:00:00,1,2
Gila Woodpecker,7.8,1,39,2010-07-24 00:00:00,2019-07-13 00:00:00,1,3
McCown's Longspur,1.0,2,10,2012-07-10 00:00:00,2018-01-13 00:00:00,2,2
Burrowing Owl,3.0,1,12,2012-01-02 00:00:00,2019-06-12 00:00:00,1,2
Mountain Plover,0.3,2,3,2012-07-10 00:00:00,2018-01-13 00:00:00,2,2
Rosy-faced Lovebird,0.1111111111111111,2,1,2017-01-12 00:00:00,2017-01-12 00:00:00,3,3
Yellow-billed Magpie,0.09523809523809523,2,2,2014-06-12 00:00:00,2017-01-04 00:00:00,3,4
American Three-toed Woodpecker,1.0,2,6,2009-07-23 00:00:00,2019-06-13 00:00:00,1,3
Black-billed Cuckoo,0.03333333333333333,1,1,2010-05-11 00:00:00,2010-05-11 00:00:00,10,1
Chuck-will's-widow,6.333333333333333,1,19,2009-04-17 00:00:00,2019-06-23 00:00:00,1,1
Rufous Hummingbird,12.666666666666666,1,38,2009-07-12 00:00:00,2019-07-11 00:00:00,1,1
Cassin's Finch,4.25,1,17,2011-05-29 00:00:00,2019-06-13 00:00:00,1,2
Pinyon Jay,1.4,1,7,2009-07-21 00:00:00,2019-06-15 00:00:00,1,3
California Quail,0.08333333333333333,1,3,2014-06-12 00:00:00,2014-06-14 00:00:00,6,4
Vaux's Swift,1.0,1,6,2014-06-14 00:00:00,2019-03-23 00:00:00,1,4
Pacific-slope Flycatcher,1.0,1,6,2014-06-13 00:00:00,2019-07-27 00:00:00,1,4
Steller's Jay,10.25,1,41,2010-07-25 00:00:00,2019-07-27 00:00:00,1,2
Chestnut-backed Chickadee,1.5,1,9,2014-06-11 00:00:00,2019-07-27 00:00:00,1,4
Wrentit,0.4444444444444444,1,8,2014-06-12 00:00:00,2017-01-04 00:00:00,3,4
Smooth-billed Ani,0.125,3,1,2019-05-15 00:00:00,2019-05-15 00:00:00,1,4
Swallow-tailed Kite,1.0,1,4,2010-09-11 00:00:00,2019-05-18 00:00:00,1,2
Gambel's Quail,7.0,1,28,2010-07-25 00:00:00,2019-07-15 00:00:00,1,2
Broad-billed Hummingbird,5.0,2,30,2010-07-25 00:00:00,2019-07-13 00:00:00,1,3
Phainopepla,4.6,1,23,2010-07-26 00:00:00,2019-07-12 00:00:00,1,3
Rivoli's Hummingbird,1.8333333333333333,2,11,2010-07-25 00:00:00,2019-07-12 00:00:00,1,3
Plumbeous Vireo,9.75,1,39,2009-07-21 00:00:00,2019-07-16 00:00:00,1,2
Mexican Jay,11.4,2,57,2010-07-25 00:00:00,2019-07-15 00:00:00,1,2
Olive Warbler,1.0,2,6,2010-07-25 00:00:00,2019-07-10 00:00:00,1,3
Red Crossbill,2.4,1,12,2010-07-28 00:00:00,2019-07-15 00:00:00,1,3
Yellow-eyed Junco,4.0,2,24,2010-07-25 00:00:00,2019-07-15 00:00:00,1,3
Scott's Oriole,6.5,1,26,2010-07-25 00:00:00,2019-07-16 00:00:00,1,2
Grace's Warbler,4.25,1,17,2009-07-18 00:00:00,2019-07-16 00:00:00,1,2
Black-throated Gray Warbler,6.5,1,26,2009-07-21 00:00:00,2019-07-16 00:00:00,1,2
Painted Redstart,4.8,2,24,2010-07-25 00:00:00,2019-07-15 00:00:00,1,2
Hepatic Tanager,4.8,2,24,2010-07-28 00:00:00,2019-07-16 00:00:00,1,2
Gray Partridge,0.2857142857142857,2,1,2019-06-12 00:00:00,2019-06-12 00:00:00,1,4
Little Egret,0.05555555555555555,4,1,2018-08-17 00:00:00,2018-08-17 00:00:00,2,4
Northern Pygmy-Owl,0.6666666666666666,2,4,2014-07-31 00:00:00,2019-07-14 00:00:00,1,3
Greater Pewee,1.2,2,6,2010-07-25 00:00:00,2019-07-14 00:00:00,1,2
Buff-breasted Flycatcher,0.6666666666666666,2,4,2010-07-25 00:00:00,2019-07-14 00:00:00,1,3
Mexican Chickadee,1.0,2,6,2010-07-30 00:00:00,2019-07-15 00:00:00,1,3
Bridled Titmouse,6.5,2,39,2010-07-25 00:00:00,2019-07-14 00:00:00,1,3
Bendire's Thrasher,0.6666666666666666,2,4,2010-07-28 00:00:00,2019-07-15 00:00:00,1,3
Rufous-backed Robin,0.4,3,4,2019-03-18 00:00:00,2019-03-23 00:00:00,1,6
Collared Plover,0.025,5,1,2015-08-08 00:00:00,2015-08-08 00:00:00,5,2
Magnificent Frigatebird,1.5,1,6,2007-06-05 00:00:00,2019-05-16 00:00:00,1,2
Brown Jay,0.5714285714285714,4,4,2011-12-29 00:00:00,2019-01-08 00:00:00,1,2
Dovekie,0.07142857142857142,2,1,2018-12-16 00:00:00,2018-12-16 00:00:00,2,4
Pine Grosbeak,1.6,1,8,2012-06-25 00:00:00,2019-06-13 00:00:00,1,3
Ancient Murrelet,0.047619047619047616,2,1,2017-01-03 00:00:00,2017-01-03 00:00:00,3,4
Cassin's Auklet,0.1111111111111111,1,2,2014-06-16 00:00:00,2017-01-03 00:00:00,3,4
Black-vented Shearwater,0.047619047619047616,2,1,2017-01-03 00:00:00,2017-01-03 00:00:00,3,4
Elegant Tern,0.5,1,3,2014-06-16 00:00:00,2019-07-28 00:00:00,1,4
Henslow's Sparrow,0.1111111111111111,2,2,2016-01-06 00:00:00,2017-06-18 00:00:00,3,3
Golden-crowned Warbler,0.2857142857142857,4,2,2011-12-31 00:00:00,2019-01-07 00:00:00,1,2
Blue Bunting,0.07142857142857142,4,1,2018-01-10 00:00:00,2018-01-10 00:00:00,2,2
Roadside Hawk,0.36363636363636365,4,4,2019-01-04 00:00:00,2019-01-08 00:00:00,1,6
Social Flycatcher,0.25,5,3,2019-01-04 00:00:00,2019-01-06 00:00:00,1,6
Black-headed Nightingale-Thrush,0.16666666666666666,5,2,2019-01-07 00:00:00,2019-01-08 00:00:00,1,6
Flame-colored Tanager,0.8,3,8,2019-01-08 00:00:00,2019-01-11 00:00:00,1,6
Tufted Flycatcher,0.36363636363636365,4,4,2019-01-09 00:00:00,2019-01-11 00:00:00,1,6
Gray Vireo,2.2,2,11,2009-07-19 00:00:00,2019-06-10 00:00:00,1,2
Common Poorwill,3.5,1,14,2012-06-22 00:00:00,2019-07-15 00:00:00,1,2
Lucifer Hummingbird,1.0,2,5,2010-07-27 00:00:00,2019-07-12 00:00:00,1,2
Varied Bunting,3.6,2,18,2010-07-25 00:00:00,2019-07-16 00:00:00,1,2
Crissal Thrasher,1.2,2,6,2014-06-26 00:00:00,2019-07-15 00:00:00,1,2
Lucy's Warbler,2.2,1,11,2010-07-27 00:00:00,2019-07-15 00:00:00,1,3
Buff-collared Nightjar,0.14285714285714285,3,1,2019-07-10 00:00:00,2019-07-10 00:00:00,1,3
Rufous-winged Sparrow,2.8333333333333335,2,17,2010-07-25 00:00:00,2019-07-12 00:00:00,1,3
Tricolored Blackbird,0.023809523809523808,2,1,2014-06-12 00:00:00,2014-06-12 00:00:00,6,4
Montezuma Quail,3.2,2,16,2014-06-27 00:00:00,2019-07-14 00:00:00,1,2
Juniper Titmouse,4.0,1,16,2009-07-13 00:00:00,2019-06-10 00:00:00,1,2
LeConte's Thrasher,0.05555555555555555,2,1,2017-01-12 00:00:00,2017-01-12 00:00:00,3,3
Sagebrush Sparrow,1.25,1,5,2013-07-08 00:00:00,2019-06-11 00:00:00,1,2
Violet-crowned Hummingbird,1.4,2,7,2010-07-26 00:00:00,2019-07-12 00:00:00,1,2
Thick-billed Kingbird,0.6666666666666666,2,4,2010-07-27 00:00:00,2019-07-12 00:00:00,1,3
Hutton's Vireo,6.75,1,27,2010-07-26 00:00:00,2019-07-15 00:00:00,1,2
Spotted Owl,0.027777777777777776,2,1,2014-08-06 00:00:00,2014-08-06 00:00:00,6,3
Arizona Woodpecker,2.5,2,15,2010-07-28 00:00:00,2019-07-13 00:00:00,1,3
Red-faced Warbler,0.6666666666666666,2,4,2010-07-25 00:00:00,2019-07-13 00:00:00,1,3
Black-chinned Sparrow,2.75,1,11,2014-06-15 00:00:00,2019-07-16 00:00:00,1,2
Black-capped Gnatcatcher,0.42857142857142855,3,3,2014-08-09 00:00:00,2019-07-11 00:00:00,1,3
Rufous-capped Warbler,0.2857142857142857,3,2,2014-08-09 00:00:00,2019-01-06 00:00:00,1,3
White-collared Swift,0.36363636363636365,4,4,2019-01-05 00:00:00,2019-01-10 00:00:00,1,6
Lesser Prairie-Chicken,0.05555555555555555,2,1,2017-04-08 00:00:00,2017-04-08 00:00:00,3,3
Ruffed Grouse,0.4,1,2,2013-06-07 00:00:00,2019-06-16 00:00:00,1,3
Hammond's Flycatcher,2.25,1,9,2009-07-14 00:00:00,2019-06-16 00:00:00,1,2
Evening Grosbeak,0.8,1,4,2015-01-07 00:00:00,2019-06-16 00:00:00,1,3
Greater Sage-Grouse,0.018518518518518517,1,1,2011-06-02 00:00:00,2011-06-02 00:00:00,9,4
White-tailed Ptarmigan,0.047619047619047616,2,2,2012-07-11 00:00:00,2013-07-12 00:00:00,7,3
Brown-capped Rosy-Finch,0.25,2,3,2013-07-12 00:00:00,2018-04-14 00:00:00,2,3
Dusky Grouse,0.6666666666666666,2,4,2011-06-04 00:00:00,2019-06-06 00:00:00,1,3
Clark's Nutcracker,1.2,1,12,2009-07-19 00:00:00,2018-04-15 00:00:00,2,3
Sharp-tailed Grouse,0.08333333333333333,2,1,2018-08-09 00:00:00,2018-08-09 00:00:00,2,3
Golden-cheeked Warbler,0.4,2,6,2007-03-17 00:00:00,2017-05-21 00:00:00,3,2
Cerulean Warbler,0.2,2,3,2008-04-12 00:00:00,2017-06-17 00:00:00,3,2
Long-eared Owl,0.2,2,2,2017-02-19 00:00:00,2018-01-08 00:00:00,2,2
Red-crowned Parrot,1.6,2,4,2015-07-10 00:00:00,2019-02-07 00:00:00,1,2
Bohemian Waxwing,0.047619047619047616,2,1,2017-01-07 00:00:00,2017-01-07 00:00:00,3,4
Common Myna,0.8571428571428571,2,3,2016-01-08 00:00:00,2019-05-16 00:00:00,1,4
White-winged Parakeet,0.07142857142857142,2,1,2016-01-09 00:00:00,2016-01-09 00:00:00,4,4
Yellow-chevroned Parakeet,0.03571428571428571,2,1,2016-01-09 00:00:00,2016-01-09 00:00:00,4,4
Zenaida Dove,0.1,5,1,2019-05-16 00:00:00,2019-05-16 00:00:00,1,4
White-crowned Pigeon,0.7142857142857143,2,5,2016-01-08 00:00:00,2019-05-17 00:00:00,1,4
Black-whiskered Vireo,0.5714285714285714,2,4,2019-05-16 00:00:00,2019-05-17 00:00:00,1,4
Shiny Cowbird,0.125,3,1,2019-05-16 00:00:00,2019-05-16 00:00:00,1,4
Mangrove Cuckoo,0.14285714285714285,2,1,2019-05-17 00:00:00,2019-05-17 00:00:00,1,4
Red-breasted Sapsucker,0.05555555555555555,1,1,2017-01-04 00:00:00,2017-01-04 00:00:00,3,4
Manx Shearwater,0.07142857142857142,2,1,2018-08-14 00:00:00,2018-08-14 00:00:00,2,4
White-eared Hummingbird,0.2857142857142857,3,2,2010-07-27 00:00:00,2019-03-23 00:00:00,1,3
Hermit Warbler,0.8,1,4,2014-07-31 00:00:00,2019-03-23 00:00:00,1,3
Common Black Hawk,1.0,2,5,2014-06-26 00:00:00,2019-07-12 00:00:00,1,2
Mangrove Swallow,0.25,5,3,2019-01-04 00:00:00,2019-01-05 00:00:00,1,6
Antillean Nighthawk,0.14285714285714285,2,1,2019-05-16 00:00:00,2019-05-16 00:00:00,1,4
Bare-throated Tiger-Heron,0.08333333333333333,5,1,2019-01-05 00:00:00,2019-01-05 00:00:00,1,6
Amazon Kingfisher,0.16666666666666666,5,2,2019-01-05 00:00:00,2019-01-08 00:00:00,1,6
Streak-backed Oriole,0.375,4,3,2017-01-01 00:00:00,2019-01-05 00:00:00,1,3
Slate-throated Redstart,0.14285714285714285,4,1,2019-07-09 00:00:00,2019-07-09 00:00:00,1,2
Colima Warbler,1.0,3,6,2014-06-26 00:00:00,2019-07-09 00:00:00,1,2
Mexican Whip-poor-will,1.8,2,9,2014-06-26 00:00:00,2019-07-14 00:00:00,1,2
Elf Owl,1.4,2,7,2010-07-25 00:00:00,2019-07-11 00:00:00,1,2
Elegant Trogon,1.1666666666666667,2,7,2010-07-26 00:00:00,2019-07-13 00:00:00,1,3
Greenish Elaenia,0.16666666666666666,5,2,2019-01-04 00:00:00,2019-01-05 00:00:00,1,6
Ruddy Quail-Dove,0.08333333333333333,5,1,2019-01-05 00:00:00,2019-01-05 00:00:00,1,6
Short-tailed Hawk,0.6666666666666666,2,4,2014-07-31 00:00:00,2019-01-05 00:00:00,1,3
Plain-capped Starthroat,0.041666666666666664,4,2,2014-08-06 00:00:00,2014-08-09 00:00:00,6,3
Red-whiskered Bulbul,0.5714285714285714,2,2,2016-01-08 00:00:00,2019-05-17 00:00:00,1,4
Cassin's Vireo,0.25,1,3,2014-07-31 00:00:00,2017-01-13 00:00:00,3,2
Red-naped Sapsucker,3.5,1,14,2009-07-18 00:00:00,2019-06-13 00:00:00,1,2
Red-cockaded Woodpecker,1.0,2,5,2011-03-10 00:00:00,2019-05-06 00:00:00,1,2
Crimson-collared Grosbeak,0.14285714285714285,4,1,2019-02-07 00:00:00,2019-02-07 00:00:00,1,2
Berylline Hummingbird,0.2857142857142857,3,2,2010-07-25 00:00:00,2019-03-17 00:00:00,1,3
Gray-crowned Yellowthroat,0.09090909090909091,4,1,2019-01-05 00:00:00,2019-01-05 00:00:00,1,6
Western Screech-Owl,0.5,1,2,2014-06-28 00:00:00,2019-07-15 00:00:00,1,2
Five-striped Sparrow,0.14285714285714285,3,1,2019-07-11 00:00:00,2019-07-11 00:00:00,1,3
Yellow Grosbeak,0.14285714285714285,4,1,2019-02-06 00:00:00,2019-02-06 00:00:00,1,2
Black Rail,0.06666666666666667,2,1,2017-07-30 00:00:00,2017-07-30 00:00:00,3,2
Fork-tailed Flycatcher,0.027777777777777776,3,1,2014-12-22 00:00:00,2014-12-22 00:00:00,6,2
Roseate Tern,0.07142857142857142,2,1,2018-08-16 00:00:00,2018-08-16 00:00:00,2,4
Bachman's Sparrow,0.4,2,2,2014-04-25 00:00:00,2019-05-15 00:00:00,1,2
Blue-winged Warbler,0.06666666666666667,1,1,2017-06-17 00:00:00,2017-06-17 00:00:00,3,3
California Gnatcatcher,0.047619047619047616,2,2,2014-06-17 00:00:00,2014-06-18 00:00:00,6,4
California Thrasher,0.09523809523809523,2,2,2014-06-18 00:00:00,2017-01-04 00:00:00,3,4
Williamson's Sapsucker,0.2,1,3,2012-07-09 00:00:00,2017-12-20 00:00:00,3,3
Sage Thrasher,0.5,1,4,2011-11-22 00:00:00,2018-04-14 00:00:00,2,2
Baird's Sparrow,0.05555555555555555,2,1,2017-12-18 00:00:00,2017-12-18 00:00:00,3,3
Eurasian Tree Sparrow,0.08333333333333333,2,1,2016-01-15 00:00:00,2016-01-15 00:00:00,4,3
Black-backed Woodpecker,0.08333333333333333,2,2,2011-06-02 00:00:00,2016-03-17 00:00:00,4,3
Whiskered Screech-Owl,0.8333333333333334,2,5,2010-07-25 00:00:00,2019-07-12 00:00:00,1,3
Eastern Whip-poor-will,1.25,1,5,2016-01-09 00:00:00,2019-05-06 00:00:00,1,2
Black Swift,0.06060606060606061,2,4,2009-07-13 00:00:00,2009-07-14 00:00:00,11,3
Common Crane,0.025,4,1,2015-01-06 00:00:00,2015-01-06 00:00:00,5,3
Sooty Tern,0.04,2,1,2015-07-11 00:00:00,2015-07-11 00:00:00,5,2
Bridled Tern,0.04,2,1,2015-07-11 00:00:00,2015-07-11 00:00:00,5,2
Band-rumped Storm-Petrel,0.04,2,1,2015-07-11 00:00:00,2015-07-11 00:00:00,5,2
Cory's Shearwater,0.05,1,1,2015-07-11 00:00:00,2015-07-11 00:00:00,5,2
Audubon's Shearwater,0.1,1,2,2015-07-11 00:00:00,2015-07-11 00:00:00,5,2
Masked Booby,0.06666666666666667,3,2,2015-07-11 00:00:00,2015-07-11 00:00:00,5,2
Pink-footed Shearwater,0.027777777777777776,1,1,2014-06-16 00:00:00,2014-06-16 00:00:00,6,4
Florida Scrub-Jay,0.2857142857142857,2,2,2016-01-06 00:00:00,2019-05-15 00:00:00,1,4
Nanday Parakeet,0.07142857142857142,2,1,2016-01-07 00:00:00,2016-01-07 00:00:00,4,4
Red-footed Booby,0.14285714285714285,2,1,2019-07-25 00:00:00,2019-07-25 00:00:00,1,4
Northern Hawk Owl,0.125,2,1,2019-05-27 00:00:00,2019-05-27 00:00:00,1,5
Hook-billed Kite,0.16666666666666666,3,1,2019-02-07 00:00:00,2019-02-07 00:00:00,1,2
Western Spindalis,0.03125,3,1,2016-01-08 00:00:00,2016-01-08 00:00:00,4,4
Spot-breasted Oriole,0.07142857142857142,2,1,2016-01-08 00:00:00,2016-01-08 00:00:00,4,4
Cassia Crossbill,0.14285714285714285,2,1,2019-06-11 00:00:00,2019-06-11 00:00:00,1,4
Boreal Chickadee,0.8333333333333334,1,5,2018-08-15 00:00:00,2019-06-02 00:00:00,1,4
Bicknell's Thrush,0.07142857142857142,2,1,2018-08-16 00:00:00,2018-08-16 00:00:00,2,4
Kirtland's Warbler,0.08333333333333333,2,1,2018-08-10 00:00:00,2018-08-10 00:00:00,2,3
Black Rosy-Finch,0.16666666666666666,2,2,2015-01-06 00:00:00,2018-04-14 00:00:00,2,3
Bell's Sparrow,0.05555555555555555,1,1,2017-01-10 00:00:00,2017-01-10 00:00:00,3,4
Flammulated Owl,0.020833333333333332,2,1,2012-06-21 00:00:00,2012-06-21 00:00:00,8,3
Mottled Owl,0.08333333333333333,5,1,2019-01-08 00:00:00,2019-01-08 00:00:00,1,6
Northern Saw-whet Owl,0.16666666666666666,2,2,2013-06-09 00:00:00,2018-12-18 00:00:00,2,3
White-headed Woodpecker,0.05555555555555555,1,1,2017-01-02 00:00:00,2017-01-02 00:00:00,3,4
Scaly-breasted Munia,0.047619047619047616,2,1,2014-06-19 00:00:00,2014-06-19 00:00:00,6,4
